{"ID":{"0":"01","1":"02","2":"03"},"Rango_edad":{"0":"55-59","1":"80 \u00f3 +","2":"65-69"},"Sexo_biologico":{"0":"Mujer","1":"Mujer","2":"Masculino"},"Raza":{"0":"Blanca","1":"Blanca","2":"Blanca"},"IMC":{"0":16.6,"1":20.34,"2":26.58},"Fumador":{"0":"S\u00ed","1":"No","2":"S\u00ed"},"Consumo_alcohol":{"0":"No","1":"No","2":"No"},"Salud_f\u00edsica":{"0":3,"1":0,"2":20},"Salud_mental":{"0":30,"1":0,"2":30},"Dificultad_caminar":{"0":"No","1":"No","2":"No"},"Actividad_f\u00edsica":{"0":"S\u00ed","1":"S\u00ed","2":"S\u00ed"},"Salud_general":{"0":"Muy buena","1":"Muy buena","2":"Muy buena"},"Horas_sue\u00f1o":{"0":5,"1":7,"2":8},"Problemas_salud":{"0":["Diabetes","Asma","Cancer_piel"],"1":["AVC"],"2":["Diabetes","Asma"]}}